[{"cluster_no": 0, "elements": ["10.jpg", "11.jpg", "12.jpg", "13.jpg", "9.jpg"]}, {"cluster_no": 1, "elements": ["14.jpg", "15.jpg", "16.jpg", "17.jpg", "18.jpg", "19.jpg", "20.jpg", "21.jpg"]}, {"cluster_no": 2, "elements": ["22.jpg", "23.jpg", "24.jpg", "25.jpg", "26.jpg", "27.jpg", "28.jpg", "29.jpg", "30.jpg"]}, {"cluster_no": 3, "elements": ["1.jpg", "2.jpg", "3.jpg", "4.jpg", "5.jpg", "6.jpg", "7.jpg", "8.jpg"]}, {"cluster_no": 4, "elements": ["31.jpg", "32.jpg", "33.jpg", "34.jpg", "35.jpg", "36.jpg", "36.jpg"]}]