[{"iname": "img_104.jpg", "bbox": [73, 69, 181, 181]}, {"iname": "img_106.jpg", "bbox": [81, 85, 231, 231]}, {"iname": "img_107.jpg", "bbox": [228, 83, 90, 90]}, {"iname": "img_107.jpg", "bbox": [58, 47, 102, 102]}, {"iname": "img_107.jpg", "bbox": [331, 91, 94, 94]}, {"iname": "img_107.jpg", "bbox": [161, 82, 55, 55]}, {"iname": "img_108.jpg", "bbox": [67, 83, 145, 145]}, {"iname": "img_109.jpg", "bbox": [259, 121, 156, 156]}, {"iname": "img_110.jpg", "bbox": [97, 97, 126, 126]}, {"iname": "img_111.jpg", "bbox": [68, 53, 102, 102]}, {"iname": "img_112.jpg", "bbox": [100, 93, 215, 215]}, {"iname": "img_113.jpg", "bbox": [308, 55, 94, 94]}, {"iname": "img_113.jpg", "bbox": [149, 99, 152, 152]}, {"iname": "img_113.jpg", "bbox": [35, 135, 107, 107]}, {"iname": "img_114.jpg", "bbox": [12, 26, 114, 114]}, {"iname": "img_114.jpg", "bbox": [126, 99, 150, 150]}, {"iname": "img_115.jpg", "bbox": [38, 22, 155, 155]}, {"iname": "img_115.jpg", "bbox": [266, 92, 133, 133]}, {"iname": "img_116.jpg", "bbox": [71, 43, 93, 93]}, {"iname": "img_117.jpg", "bbox": [159, 112, 62, 62]}, {"iname": "img_117.jpg", "bbox": [393, 86, 52, 52]}, {"iname": "img_117.jpg", "bbox": [270, 47, 88, 88]}, {"iname": "img_117.jpg", "bbox": [101, 64, 79, 79]}, {"iname": "img_118.jpg", "bbox": [166, 55, 116, 116]}, {"iname": "img_119.jpg", "bbox": [83, 86, 80, 80]}, {"iname": "img_120.jpg", "bbox": [165, 75, 91, 91]}, {"iname": "img_121.jpg", "bbox": [65, 8, 230, 230]}, {"iname": "img_122.jpg", "bbox": [273, 61, 75, 75]}, {"iname": "img_123.jpg", "bbox": [204, 63, 145, 145]}, {"iname": "img_123.jpg", "bbox": [17, 206, 163, 163]}, {"iname": "img_124.jpg", "bbox": [177, 29, 157, 157]}, {"iname": "img_125.jpg", "bbox": [44, 123, 233, 233]}, {"iname": "img_126.jpg", "bbox": [127, 141, 113, 113]}, {"iname": "img_127.jpg", "bbox": [95, 86, 203, 203]}, {"iname": "img_128.jpg", "bbox": [191, 98, 118, 118]}, {"iname": "img_129.jpg", "bbox": [154, 207, 123, 123]}, {"iname": "img_130.jpg", "bbox": [42, 88, 253, 253]}, {"iname": "img_131.jpg", "bbox": [113, 40, 84, 84]}, {"iname": "img_132.jpg", "bbox": [245, 73, 160, 160]}, {"iname": "img_133.jpg", "bbox": [62, 61, 83, 83]}, {"iname": "img_134.jpg", "bbox": [88, 42, 106, 106]}, {"iname": "img_135.jpg", "bbox": [21, 119, 63, 63]}, {"iname": "img_135.jpg", "bbox": [88, 52, 81, 81]}, {"iname": "img_136.jpg", "bbox": [58, 25, 86, 86]}, {"iname": "img_136.jpg", "bbox": [217, 122, 54, 54]}, {"iname": "img_137.jpg", "bbox": [193, 83, 76, 76]}, {"iname": "img_138.jpg", "bbox": [78, 62, 124, 124]}, {"iname": "img_139.jpg", "bbox": [192, 56, 171, 171]}, {"iname": "img_140.jpg", "bbox": [65, 65, 196, 196]}, {"iname": "img_141.jpg", "bbox": [211, 88, 190, 190]}, {"iname": "img_142.jpg", "bbox": [243, 70, 110, 110]}, {"iname": "img_143.jpg", "bbox": [278, 31, 79, 79]}, {"iname": "img_143.jpg", "bbox": [89, 90, 80, 80]}, {"iname": "img_144.jpg", "bbox": [105, 28, 183, 183]}, {"iname": "img_146.jpg", "bbox": [117, 90, 117, 117]}, {"iname": "img_147.jpg", "bbox": [243, 138, 92, 92]}, {"iname": "img_147.jpg", "bbox": [108, 47, 96, 96]}, {"iname": "img_148.jpg", "bbox": [35, 68, 215, 215]}, {"iname": "img_149.jpg", "bbox": [115, 36, 89, 89]}, {"iname": "img_150.jpg", "bbox": [171, 188, 93, 93]}, {"iname": "img_150.jpg", "bbox": [218, 197, 72, 72]}, {"iname": "img_151.jpg", "bbox": [231, 150, 109, 109]}, {"iname": "img_152.jpg", "bbox": [42, 221, 221, 221]}, {"iname": "img_152.jpg", "bbox": [59, 70, 189, 189]}, {"iname": "img_153.jpg", "bbox": [69, 88, 184, 184]}, {"iname": "img_154.jpg", "bbox": [96, 96, 178, 178]}, {"iname": "img_155.jpg", "bbox": [70, 79, 222, 222]}, {"iname": "img_156.jpg", "bbox": [194, 79, 72, 72]}, {"iname": "img_157.jpg", "bbox": [70, 38, 190, 190]}, {"iname": "img_158.jpg", "bbox": [20, 107, 140, 140]}, {"iname": "img_158.jpg", "bbox": [171, 72, 134, 134]}, {"iname": "img_159.jpg", "bbox": [73, 149, 205, 205]}, {"iname": "img_160.jpg", "bbox": [72, 113, 84, 84]}, {"iname": "img_161.jpg", "bbox": [142, 62, 113, 113]}, {"iname": "img_162.jpg", "bbox": [129, 95, 175, 175]}, {"iname": "img_164.jpg", "bbox": [30, 56, 276, 276]}, {"iname": "img_165.jpg", "bbox": [166, 71, 116, 116]}, {"iname": "img_166.jpg", "bbox": [19, 140, 233, 233]}, {"iname": "img_167.jpg", "bbox": [34, 57, 152, 152]}, {"iname": "img_168.jpg", "bbox": [42, 113, 221, 221]}, {"iname": "img_169.jpg", "bbox": [316, 40, 93, 93]}, {"iname": "img_170.jpg", "bbox": [174, 45, 108, 108]}, {"iname": "img_171.jpg", "bbox": [293, 110, 61, 61]}, {"iname": "img_172.jpg", "bbox": [42, 50, 201, 201]}, {"iname": "img_173.jpg", "bbox": [38, 90, 181, 181]}, {"iname": "img_174.jpg", "bbox": [263, 63, 82, 82]}, {"iname": "img_175.jpg", "bbox": [292, 40, 106, 106]}, {"iname": "img_175.jpg", "bbox": [170, 65, 94, 94]}, {"iname": "img_176.jpg", "bbox": [254, 52, 88, 88]}, {"iname": "img_176.jpg", "bbox": [172, 83, 88, 88]}, {"iname": "img_177.jpg", "bbox": [240, 59, 143, 143]}, {"iname": "img_178.jpg", "bbox": [50, 117, 239, 239]}, {"iname": "img_179.jpg", "bbox": [322, 144, 104, 104]}, {"iname": "img_179.jpg", "bbox": [359, 35, 63, 63]}, {"iname": "img_179.jpg", "bbox": [45, 73, 56, 56]}, {"iname": "img_180.jpg", "bbox": [204, 49, 133, 133]}, {"iname": "img_181.jpg", "bbox": [75, 86, 144, 144]}, {"iname": "img_182.jpg", "bbox": [176, 72, 111, 111]}, {"iname": "img_183.jpg", "bbox": [32, 86, 185, 185]}, {"iname": "img_183.jpg", "bbox": [247, 93, 181, 181]}, {"iname": "img_184.jpg", "bbox": [237, 72, 76, 76]}, {"iname": "img_184.jpg", "bbox": [339, 52, 70, 70]}, {"iname": "img_185.jpg", "bbox": [95, 110, 117, 117]}, {"iname": "img_186.jpg", "bbox": [95, 55, 140, 140]}, {"iname": "img_187.jpg", "bbox": [49, 204, 79, 79]}, {"iname": "img_188.jpg", "bbox": [55, 79, 138, 138]}, {"iname": "img_189.jpg", "bbox": [106, 46, 87, 87]}, {"iname": "img_191.jpg", "bbox": [143, 76, 140, 140]}, {"iname": "img_192.jpg", "bbox": [113, 34, 96, 96]}, {"iname": "img_192.jpg", "bbox": [69, 20, 123, 123]}, {"iname": "img_192.jpg", "bbox": [231, 149, 80, 80]}, {"iname": "img_193.jpg", "bbox": [61, 47, 102, 102]}, {"iname": "img_193.jpg", "bbox": [271, 91, 81, 81]}, {"iname": "img_194.jpg", "bbox": [67, 57, 117, 117]}, {"iname": "img_195.jpg", "bbox": [80, 59, 119, 119]}, {"iname": "img_196.jpg", "bbox": [103, 51, 108, 108]}, {"iname": "img_198.jpg", "bbox": [195, 20, 96, 96]}, {"iname": "img_199.jpg", "bbox": [269, 48, 91, 91]}, {"iname": "img_199.jpg", "bbox": [101, 72, 94, 94]}, {"iname": "img_200.jpg", "bbox": [18, 108, 100, 100]}, {"iname": "img_200.jpg", "bbox": [196, 90, 119, 119]}, {"iname": "img_201.jpg", "bbox": [116, 31, 78, 78]}, {"iname": "img_202.jpg", "bbox": [125, 93, 65, 65]}, {"iname": "img_202.jpg", "bbox": [263, 34, 66, 66]}, {"iname": "img_203.jpg", "bbox": [124, 116, 212, 212]}, {"iname": "img_204.jpg", "bbox": [19, 85, 271, 271]}, {"iname": "img_205.jpg", "bbox": [335, 96, 84, 84]}, {"iname": "img_206.jpg", "bbox": [129, 71, 150, 150]}]